{
   "Groups": [
      {
         "Name": "Appearance",
         "DisplayName": "Appearance",
         "Elements": [
            {
               "Name": "EnableSimulator",
               "DisplayName": "Enable Simulator Sonic",
               "Description": [
                  "Play as Sonic as he appears in Game Land of Sonic Colors."
               ],
               "Type": "bool",
               "DefaultValue": false
            },
            {
               "Name": "SimulatorType",
               "DisplayName": "Simulator Sonic Color Selection",
               "Description": [
                  "Choose from 5 different color options."
               ],
               "Type": "SimulatorType",
               "DefaultValue": "0"
            },
            {
               "Name": "CostumeType",
               "DisplayName": "Costume for Sonic",
               "Description": [
                  "Choose one of the glove and sneaker cosmetics from Colors Ultimate."
               ],
               "Type": "CostumeType",
               "DefaultValue": "0"
            }
         ]
      }
   ],
   "Enums": {
      "SimulatorType": [
         {
            "DisplayName": "Blue",
            "Value": "0"
         },
         {
            "DisplayName": "Red",
            "Value": "4"
         },
         {
            "DisplayName": "Green",
            "Value": "2"
         },
         {
            "DisplayName": "Pink",
            "Value": "3"
         },
         {
            "DisplayName": "Black",
            "Value": "1"
         }
      ],

      "CostumeType": [
         {
            "DisplayName": "Default",
            "Value": "0"
         },
         {
            "DisplayName": "Paint",
            "Value": "3"
         },
         {
            "DisplayName": "Polka Dots",
            "Value": "4"
         },
         {
            "DisplayName": "Silver",
            "Value": "2"
         },
         {
            "DisplayName": "Gold",
            "Value": "1"
         }
      ]
   },
   "IniFile": "ColorsSonic.ini"
}